{
  "manifest_version": 3,
  "name": "PingUp",
  "version": "1.0",
  "description": "Daily todo summary sender with AI-powered email generation",
  "permissions": [
    "storage", 
    "alarms",
    "activeTab"
  ],
  "host_permissions": [
    "http://localhost:3000/*"
  ],
  "background": {
    "service_worker": "background.js",
    "type": "module"
  },
  "action": {
    "default_popup": "popup.html",
    "default_title": "PingUp - Daily Todo Summary"
  },
  "icons": {
    "16": "icons.png",
    "48": "icons.png",
    "128": "icons.png"
  }
}
